<Request>
  <Access>
    <Authentication user="tiptop" password=""></Authentication>
    <Connection application="PLM" source="10.0.2.8"></Connection>
    <Organization name="SHXK_STE"></Organization>
    <Locale language="zh_cn"></Locale>
  </Access>
  <RequestContent>
    <Parameter>
      <Record>
        <Field name="ws_name" value="CreatePLMBOMData"></Field>
        <Field name="datakey" value="4763662379430346002"></Field>
        <Field name="tot_cnt" value="4"></Field>
        <Field name="sub_cnt" value="4"></Field>
        <Field name="status" value="Y"></Field>
        <Field name="smyslip" value="EN01"></Field>
      </Record>
    </Parameter>
    <Document>
      <RecordSet id="1">
        <Master name="bma_file">
          <Record>
            <Field name="acttype" value=""></Field>
            <Field name="bma01" value="9949-8001-0005"></Field>
          </Record>
        </Master>
        <Detail name="bmb_file">
          <Record>
            <Field name="bmb02" value="0010"></Field>
            <Field name="bmb03" value="8003-0016"></Field>
            <Field name="bmb04" value="2017/11/17"></Field>
            <Field name="bmb15" value="N"></Field>
            <Field name="bmb05" value="2050/12/30"></Field>
            <Field name="bmb06" value="1"></Field>
            <Field name="bmb07" value="1"></Field>
            <Field name="bmb08" value="0"></Field>
            <Field name="bmb19" value="1"></Field>
            <Field name="bmb14" value="0"></Field>
            <Field name="bmb37" value="8D09B65FDAED4DE7BD422985142D9D45"></Field>
          </Record>
          <Record>
            <Field name="bmb02" value="0020"></Field>
            <Field name="bmb03" value="8014-0035"></Field>
            <Field name="bmb04" value="2017/11/17"></Field>
            <Field name="bmb15" value="N"></Field>
            <Field name="bmb05" value="2050/12/30"></Field>
            <Field name="bmb06" value="1"></Field>
            <Field name="bmb07" value="1"></Field>
            <Field name="bmb08" value="0"></Field>
            <Field name="bmb19" value="1"></Field>
            <Field name="bmb14" value="0"></Field>
            <Field name="bmb37" value="4E2175153A9744F2A24A3641A781930B"></Field>
          </Record>
          <Record>
            <Field name="bmb02" value="0030"></Field>
            <Field name="bmb03" value="8011-0111"></Field>
            <Field name="bmb04" value="2017/11/17"></Field>
            <Field name="bmb15" value="N"></Field>
            <Field name="bmb05" value="2050/12/30"></Field>
            <Field name="bmb06" value="1"></Field>
            <Field name="bmb07" value="1"></Field>
            <Field name="bmb08" value="0"></Field>
            <Field name="bmb19" value="1"></Field>
            <Field name="bmb14" value="0"></Field>
            <Field name="bmb37" value="AC837E600CE24F49B79939F68BE122E1"></Field>
          </Record>
          <Record>
            <Field name="bmb02" value="0040"></Field>
            <Field name="bmb03" value="9949-8001-0019"></Field>
            <Field name="bmb04" value="2017/11/17"></Field>
            <Field name="bmb15" value="N"></Field>
            <Field name="bmb05" value="2050/12/30"></Field>
            <Field name="bmb06" value="1"></Field>
            <Field name="bmb07" value="1"></Field>
            <Field name="bmb08" value="0"></Field>
            <Field name="bmb19" value="1"></Field>
            <Field name="bmb14" value="0"></Field>
            <Field name="bmb37" value="2E39946455F641B98350EF6BF680D554"></Field>
          </Record>
        </Detail>
        <Detail name="bmt_file"></Detail>
      </RecordSet>
      <RecordSet id="2">
        <Master name="bma_file">
          <Record>
            <Field name="acttype" value=""></Field>
            <Field name="bma01" value="9949-8001-0019"></Field>
          </Record>
        </Master>
        <Detail name="bmb_file">
          <Record>
            <Field name="bmb02" value="0020"></Field>
            <Field name="bmb03" value="8028-0029"></Field>
            <Field name="bmb04" value="2017/11/17"></Field>
            <Field name="bmb15" value="N"></Field>
            <Field name="bmb05" value="2050/12/30"></Field>
            <Field name="bmb06" value="1"></Field>
            <Field name="bmb07" value="1"></Field>
            <Field name="bmb08" value="0"></Field>
            <Field name="bmb19" value="3"></Field>
            <Field name="bmb14" value="0"></Field>
            <Field name="bmb37" value="CAAA006A40C64B49BE6774E8F94CAD08"></Field>
          </Record>
          <Record>
            <Field name="bmb02" value="0030"></Field>
            <Field name="bmb03" value="8028-0030"></Field>
            <Field name="bmb04" value="2017/11/17"></Field>
            <Field name="bmb15" value="N"></Field>
            <Field name="bmb05" value="2050/12/30"></Field>
            <Field name="bmb06" value="1"></Field>
            <Field name="bmb07" value="1"></Field>
            <Field name="bmb08" value="0"></Field>
            <Field name="bmb19" value="3"></Field>
            <Field name="bmb14" value="0"></Field>
            <Field name="bmb37" value="053058267F8E41C6897E79AF72010368"></Field>
          </Record>
          <Record>
            <Field name="bmb02" value="0040"></Field>
            <Field name="bmb03" value="8028-0031"></Field>
            <Field name="bmb04" value="2017/11/17"></Field>
            <Field name="bmb15" value="N"></Field>
            <Field name="bmb05" value="2050/12/30"></Field>
            <Field name="bmb06" value="1"></Field>
            <Field name="bmb07" value="1"></Field>
            <Field name="bmb08" value="0"></Field>
            <Field name="bmb19" value="3"></Field>
            <Field name="bmb14" value="0"></Field>
            <Field name="bmb37" value="025BDF0641F04103AA0E2B1B7662F407"></Field>
          </Record>
          <Record>
            <Field name="bmb02" value="0050"></Field>
            <Field name="bmb03" value="8008-0576"></Field>
            <Field name="bmb04" value="2017/11/17"></Field>
            <Field name="bmb15" value="N"></Field>
            <Field name="bmb05" value="2050/12/30"></Field>
            <Field name="bmb06" value="1"></Field>
            <Field name="bmb07" value="1"></Field>
            <Field name="bmb08" value="0"></Field>
            <Field name="bmb19" value="1"></Field>
            <Field name="bmb14" value="0"></Field>
            <Field name="bmb37" value="F30DC8A28FB442C18CE1A656FD9E36C9"></Field>
          </Record>
          <Record>
            <Field name="bmb02" value="0060"></Field>
            <Field name="bmb03" value="8012-0003"></Field>
            <Field name="bmb04" value="2017/11/17"></Field>
            <Field name="bmb15" value="Y"></Field>
            <Field name="bmb05" value="2050/12/30"></Field>
            <Field name="bmb06" value="14"></Field>
            <Field name="bmb07" value="1"></Field>
            <Field name="bmb08" value="0"></Field>
            <Field name="bmb19" value="1"></Field>
            <Field name="bmb14" value="0"></Field>
            <Field name="bmb37" value="8AA06151BA494BDF9040C07A8F0425BD"></Field>
          </Record>
          <Record>
            <Field name="bmb02" value="0070"></Field>
            <Field name="bmb03" value="8012-0010"></Field>
            <Field name="bmb04" value="2017/11/17"></Field>
            <Field name="bmb15" value="Y"></Field>
            <Field name="bmb05" value="2050/12/30"></Field>
            <Field name="bmb06" value="14"></Field>
            <Field name="bmb07" value="1"></Field>
            <Field name="bmb08" value="0"></Field>
            <Field name="bmb19" value="1"></Field>
            <Field name="bmb14" value="0"></Field>
            <Field name="bmb37" value="0F2E344D497B44AFBCD584BA649A14BB"></Field>
          </Record>
          <Record>
            <Field name="bmb02" value="0080"></Field>
            <Field name="bmb03" value="9949-8000-2601"></Field>
            <Field name="bmb04" value="2017/11/17"></Field>
            <Field name="bmb15" value="N"></Field>
            <Field name="bmb05" value="2050/12/30"></Field>
            <Field name="bmb06" value="1"></Field>
            <Field name="bmb07" value="1"></Field>
            <Field name="bmb08" value="0"></Field>
            <Field name="bmb19" value="1"></Field>
            <Field name="bmb14" value="0"></Field>
            <Field name="bmb37" value="6AA3CC41CEDC426B8078F5FBBDDE50A0"></Field>
          </Record>
          <Record>
            <Field name="bmb02" value="0090"></Field>
            <Field name="bmb03" value="8015-0146"></Field>
            <Field name="bmb04" value="2017/11/17"></Field>
            <Field name="bmb15" value="N"></Field>
            <Field name="bmb05" value="2050/12/30"></Field>
            <Field name="bmb06" value="1"></Field>
            <Field name="bmb07" value="1"></Field>
            <Field name="bmb08" value="0"></Field>
            <Field name="bmb19" value="1"></Field>
            <Field name="bmb14" value="0"></Field>
            <Field name="bmb37" value="DB6D563C0EB44BA3A72259B0C04E93DB"></Field>
          </Record>
          <Record>
            <Field name="bmb02" value="0100"></Field>
            <Field name="bmb03" value="8012-0054"></Field>
            <Field name="bmb04" value="2017/11/17"></Field>
            <Field name="bmb15" value="Y"></Field>
            <Field name="bmb05" value="2050/12/30"></Field>
            <Field name="bmb06" value="4"></Field>
            <Field name="bmb07" value="1"></Field>
            <Field name="bmb08" value="0"></Field>
            <Field name="bmb19" value="1"></Field>
            <Field name="bmb14" value="0"></Field>
            <Field name="bmb37" value="B995AD38784848DD89D02A8E34B832E5"></Field>
          </Record>
          <Record>
            <Field name="bmb02" value="0110"></Field>
            <Field name="bmb03" value="8012-0055"></Field>
            <Field name="bmb04" value="2017/11/17"></Field>
            <Field name="bmb15" value="Y"></Field>
            <Field name="bmb05" value="2050/12/30"></Field>
            <Field name="bmb06" value="4"></Field>
            <Field name="bmb07" value="1"></Field>
            <Field name="bmb08" value="0"></Field>
            <Field name="bmb19" value="1"></Field>
            <Field name="bmb14" value="0"></Field>
            <Field name="bmb37" value="72D1FD3B91AA4AEF8D811C32674D2686"></Field>
          </Record>
          <Record>
            <Field name="bmb02" value="0120"></Field>
            <Field name="bmb03" value="8028-0076"></Field>
            <Field name="bmb04" value="2017/11/17"></Field>
            <Field name="bmb15" value="N"></Field>
            <Field name="bmb05" value="2050/12/30"></Field>
            <Field name="bmb06" value="1"></Field>
            <Field name="bmb07" value="1"></Field>
            <Field name="bmb08" value="0"></Field>
            <Field name="bmb19" value="1"></Field>
            <Field name="bmb14" value="0"></Field>
            <Field name="bmb37" value="0887833F319E43368C0A24CDA1DE0B66"></Field>
          </Record>
        </Detail>
        <Detail name="bmt_file"></Detail>
      </RecordSet>
      <RecordSet id="3">
        <Master name="bma_file">
          <Record>
            <Field name="acttype" value=""></Field>
            <Field name="bma01" value="8028-0029"></Field>
          </Record>
        </Master>
        <Detail name="bmb_file">
          <Record>
            <Field name="bmb02" value="0010"></Field>
            <Field name="bmb03" value="9949-8000-1503"></Field>
            <Field name="bmb04" value="2017/11/17"></Field>
            <Field name="bmb15" value="N"></Field>
            <Field name="bmb05" value="2050/12/30"></Field>
            <Field name="bmb06" value="1"></Field>
            <Field name="bmb07" value="1"></Field>
            <Field name="bmb08" value="0"></Field>
            <Field name="bmb19" value="1"></Field>
            <Field name="bmb14" value="0"></Field>
            <Field name="bmb37" value="5CB099B136304C7BA284AF1146B5B1FA"></Field>
          </Record>
          <Record>
            <Field name="bmb02" value="0020"></Field>
            <Field name="bmb03" value="8015-0219"></Field>
            <Field name="bmb04" value="2017/11/17"></Field>
            <Field name="bmb15" value="N"></Field>
            <Field name="bmb05" value="2050/12/30"></Field>
            <Field name="bmb06" value="1"></Field>
            <Field name="bmb07" value="1"></Field>
            <Field name="bmb08" value="0"></Field>
            <Field name="bmb19" value="1"></Field>
            <Field name="bmb14" value="0"></Field>
            <Field name="bmb37" value="9E685611811141D68AE0AB494C87AB85"></Field>
          </Record>
          <Record>
            <Field name="bmb02" value="0030"></Field>
            <Field name="bmb03" value="8012-0070"></Field>
            <Field name="bmb04" value="2017/11/17"></Field>
            <Field name="bmb15" value="Y"></Field>
            <Field name="bmb05" value="2050/12/30"></Field>
            <Field name="bmb06" value="2"></Field>
            <Field name="bmb07" value="1"></Field>
            <Field name="bmb08" value="0"></Field>
            <Field name="bmb19" value="1"></Field>
            <Field name="bmb14" value="0"></Field>
            <Field name="bmb37" value="35E313CF5C214049A98AA8289C89FF4B"></Field>
          </Record>
          <Record>
            <Field name="bmb02" value="0040"></Field>
            <Field name="bmb03" value="8012-0068"></Field>
            <Field name="bmb04" value="2017/11/17"></Field>
            <Field name="bmb15" value="Y"></Field>
            <Field name="bmb05" value="2050/12/30"></Field>
            <Field name="bmb06" value="2"></Field>
            <Field name="bmb07" value="1"></Field>
            <Field name="bmb08" value="0"></Field>
            <Field name="bmb19" value="1"></Field>
            <Field name="bmb14" value="0"></Field>
            <Field name="bmb37" value="2C631FF873C946129190BA58B00E8C46"></Field>
          </Record>
        </Detail>
        <Detail name="bmt_file"></Detail>
      </RecordSet>
      <RecordSet id="4">
        <Master name="bma_file">
          <Record>
            <Field name="acttype" value=""></Field>
            <Field name="bma01" value="8028-0030"></Field>
          </Record>
        </Master>
        <Detail name="bmb_file">
          <Record>
            <Field name="bmb02" value="0010"></Field>
            <Field name="bmb03" value="9949-8000-2606"></Field>
            <Field name="bmb04" value="2017/11/17"></Field>
            <Field name="bmb15" value="N"></Field>
            <Field name="bmb05" value="2050/12/30"></Field>
            <Field name="bmb06" value="1"></Field>
            <Field name="bmb07" value="1"></Field>
            <Field name="bmb08" value="0"></Field>
            <Field name="bmb19" value="1"></Field>
            <Field name="bmb14" value="0"></Field>
            <Field name="bmb37" value="FECBC99CCCCA4A10A0DE38894568B7F3"></Field>
          </Record>
          <Record>
            <Field name="bmb02" value="0020"></Field>
            <Field name="bmb03" value="8015-0262"></Field>
            <Field name="bmb04" value="2017/11/17"></Field>
            <Field name="bmb15" value="N"></Field>
            <Field name="bmb05" value="2050/12/30"></Field>
            <Field name="bmb06" value="1"></Field>
            <Field name="bmb07" value="1"></Field>
            <Field name="bmb08" value="0"></Field>
            <Field name="bmb19" value="1"></Field>
            <Field name="bmb14" value="0"></Field>
            <Field name="bmb37" value="0B6DB2AC0546441382BD72B80EFEA7AA"></Field>
          </Record>
          <Record>
            <Field name="bmb02" value="0030"></Field>
            <Field name="bmb03" value="8013-0073"></Field>
            <Field name="bmb04" value="2017/11/17"></Field>
            <Field name="bmb15" value="N"></Field>
            <Field name="bmb05" value="2050/12/30"></Field>
            <Field name="bmb06" value="1"></Field>
            <Field name="bmb07" value="1"></Field>
            <Field name="bmb08" value="0"></Field>
            <Field name="bmb19" value="1"></Field>
            <Field name="bmb14" value="0"></Field>
            <Field name="bmb37" value="A13F952277E34BA592115DC57FEC3DF4"></Field>
          </Record>
          <Record>
            <Field name="bmb02" value="0040"></Field>
            <Field name="bmb03" value="8012-0136"></Field>
            <Field name="bmb04" value="2017/11/17"></Field>
            <Field name="bmb15" value="Y"></Field>
            <Field name="bmb05" value="2050/12/30"></Field>
            <Field name="bmb06" value="1"></Field>
            <Field name="bmb07" value="1"></Field>
            <Field name="bmb08" value="0"></Field>
            <Field name="bmb19" value="1"></Field>
            <Field name="bmb14" value="0"></Field>
            <Field name="bmb37" value="10E50305E64447C299EBD16187552306"></Field>
          </Record>
          <Record>
            <Field name="bmb02" value="0050"></Field>
            <Field name="bmb03" value="8012-0070"></Field>
            <Field name="bmb04" value="2017/11/17"></Field>
            <Field name="bmb15" value="Y"></Field>
            <Field name="bmb05" value="2050/12/30"></Field>
            <Field name="bmb06" value="2"></Field>
            <Field name="bmb07" value="1"></Field>
            <Field name="bmb08" value="0"></Field>
            <Field name="bmb19" value="1"></Field>
            <Field name="bmb14" value="0"></Field>
            <Field name="bmb37" value="42EB825CB1114CBEA3AFFC2920552417"></Field>
          </Record>
          <Record>
            <Field name="bmb02" value="0060"></Field>
            <Field name="bmb03" value="8012-0068"></Field>
            <Field name="bmb04" value="2017/11/17"></Field>
            <Field name="bmb15" value="Y"></Field>
            <Field name="bmb05" value="2050/12/30"></Field>
            <Field name="bmb06" value="2"></Field>
            <Field name="bmb07" value="1"></Field>
            <Field name="bmb08" value="0"></Field>
            <Field name="bmb19" value="1"></Field>
            <Field name="bmb14" value="0"></Field>
            <Field name="bmb37" value="A3FF90EA45F2413DA11E4B34D2A5CA53"></Field>
          </Record>
        </Detail>
        <Detail name="bmt_file"></Detail>
      </RecordSet>
      <RecordSet id="5">
        <Master name="bma_file">
          <Record>
            <Field name="acttype" value=""></Field>
            <Field name="bma01" value="8028-0031"></Field>
          </Record>
        </Master>
        <Detail name="bmb_file">
          <Record>
            <Field name="bmb02" value="0010"></Field>
            <Field name="bmb03" value="9949-8000-1505"></Field>
            <Field name="bmb04" value="2017/11/17"></Field>
            <Field name="bmb15" value="N"></Field>
            <Field name="bmb05" value="2050/12/30"></Field>
            <Field name="bmb06" value="1"></Field>
            <Field name="bmb07" value="1"></Field>
            <Field name="bmb08" value="0"></Field>
            <Field name="bmb19" value="1"></Field>
            <Field name="bmb14" value="0"></Field>
            <Field name="bmb37" value="0CDA86DE3EB04DD98DF08A20ACD5699F"></Field>
          </Record>
          <Record>
            <Field name="bmb02" value="0020"></Field>
            <Field name="bmb03" value="8008-0582"></Field>
            <Field name="bmb04" value="2017/11/17"></Field>
            <Field name="bmb15" value="N"></Field>
            <Field name="bmb05" value="2050/12/30"></Field>
            <Field name="bmb06" value="1"></Field>
            <Field name="bmb07" value="1"></Field>
            <Field name="bmb08" value="0"></Field>
            <Field name="bmb19" value="1"></Field>
            <Field name="bmb14" value="0"></Field>
            <Field name="bmb37" value="85ADDB07FD04444BA02B3E3D6B039417"></Field>
          </Record>
          <Record>
            <Field name="bmb02" value="0030"></Field>
            <Field name="bmb03" value="8008-0607"></Field>
            <Field name="bmb04" value="2017/11/17"></Field>
            <Field name="bmb15" value="N"></Field>
            <Field name="bmb05" value="2050/12/30"></Field>
            <Field name="bmb06" value="1"></Field>
            <Field name="bmb07" value="1"></Field>
            <Field name="bmb08" value="0"></Field>
            <Field name="bmb19" value="1"></Field>
            <Field name="bmb14" value="0"></Field>
            <Field name="bmb37" value="7FBF35346E454AFFA1A075C4E2732861"></Field>
          </Record>
          <Record>
            <Field name="bmb02" value="0040"></Field>
            <Field name="bmb03" value="8012-0136"></Field>
            <Field name="bmb04" value="2017/11/17"></Field>
            <Field name="bmb15" value="Y"></Field>
            <Field name="bmb05" value="2050/12/30"></Field>
            <Field name="bmb06" value="12"></Field>
            <Field name="bmb07" value="1"></Field>
            <Field name="bmb08" value="0"></Field>
            <Field name="bmb19" value="1"></Field>
            <Field name="bmb14" value="0"></Field>
            <Field name="bmb37" value="8BD5C67132C24C0C9F9F8AFA89998F09"></Field>
          </Record>
        </Detail>
        <Detail name="bmt_file"></Detail>
      </RecordSet>
      <RecordSet id="6">
        <Master name="bma_file">
          <Record>
            <Field name="acttype" value=""></Field>
            <Field name="bma01" value="8028-0076"></Field>
          </Record>
        </Master>
        <Detail name="bmb_file">
          <Record>
            <Field name="bmb02" value="0010"></Field>
            <Field name="bmb03" value="9949-8000-1220"></Field>
            <Field name="bmb04" value="2017/11/17"></Field>
            <Field name="bmb15" value="N"></Field>
            <Field name="bmb05" value="2050/12/30"></Field>
            <Field name="bmb06" value="1"></Field>
            <Field name="bmb07" value="1"></Field>
            <Field name="bmb08" value="0"></Field>
            <Field name="bmb19" value="1"></Field>
            <Field name="bmb14" value="0"></Field>
            <Field name="bmb37" value="DA1EB43E99214BA0A87B35A1B6419D15"></Field>
          </Record>
          <Record>
            <Field name="bmb02" value="0020"></Field>
            <Field name="bmb03" value="8015-0260"></Field>
            <Field name="bmb04" value="2017/11/17"></Field>
            <Field name="bmb15" value="N"></Field>
            <Field name="bmb05" value="2050/12/30"></Field>
            <Field name="bmb06" value="1"></Field>
            <Field name="bmb07" value="1"></Field>
            <Field name="bmb08" value="0"></Field>
            <Field name="bmb19" value="1"></Field>
            <Field name="bmb14" value="0"></Field>
            <Field name="bmb37" value="576DBAEBDDF7444288F7849415115154"></Field>
          </Record>
          <Record>
            <Field name="bmb02" value="0030"></Field>
            <Field name="bmb03" value="8012-0070"></Field>
            <Field name="bmb04" value="2017/11/17"></Field>
            <Field name="bmb15" value="Y"></Field>
            <Field name="bmb05" value="2050/12/30"></Field>
            <Field name="bmb06" value="2"></Field>
            <Field name="bmb07" value="1"></Field>
            <Field name="bmb08" value="0"></Field>
            <Field name="bmb19" value="1"></Field>
            <Field name="bmb14" value="0"></Field>
            <Field name="bmb37" value="8A5ADC21C4DC4140A1A96BF2A3B64670"></Field>
          </Record>
          <Record>
            <Field name="bmb02" value="0040"></Field>
            <Field name="bmb03" value="8012-0068"></Field>
            <Field name="bmb04" value="2017/11/17"></Field>
            <Field name="bmb15" value="Y"></Field>
            <Field name="bmb05" value="2050/12/30"></Field>
            <Field name="bmb06" value="2"></Field>
            <Field name="bmb07" value="1"></Field>
            <Field name="bmb08" value="0"></Field>
            <Field name="bmb19" value="1"></Field>
            <Field name="bmb14" value="0"></Field>
            <Field name="bmb37" value="FF02AD57C4084056A3EE098DC8C4004A"></Field>
          </Record>
          <Record>
            <Field name="bmb02" value="0050"></Field>
            <Field name="bmb03" value="8010-0499"></Field>
            <Field name="bmb04" value="2017/11/17"></Field>
            <Field name="bmb15" value="N"></Field>
            <Field name="bmb05" value="2050/12/30"></Field>
            <Field name="bmb06" value="1"></Field>
            <Field name="bmb07" value="1"></Field>
            <Field name="bmb08" value="0"></Field>
            <Field name="bmb19" value="1"></Field>
            <Field name="bmb14" value="0"></Field>
            <Field name="bmb37" value="C779A7F5523A403AA2A17442765FD580"></Field>
          </Record>
          <Record>
            <Field name="bmb02" value="0060"></Field>
            <Field name="bmb03" value="8006-0094"></Field>
            <Field name="bmb04" value="2017/11/17"></Field>
            <Field name="bmb15" value="N"></Field>
            <Field name="bmb05" value="2050/12/30"></Field>
            <Field name="bmb06" value="1"></Field>
            <Field name="bmb07" value="1"></Field>
            <Field name="bmb08" value="0"></Field>
            <Field name="bmb19" value="1"></Field>
            <Field name="bmb14" value="0"></Field>
            <Field name="bmb37" value="0B11661A3EE34D6D8946891504BA042F"></Field>
          </Record>
          <Record>
            <Field name="bmb02" value="0070"></Field>
            <Field name="bmb03" value="8012-0112"></Field>
            <Field name="bmb04" value="2017/11/17"></Field>
            <Field name="bmb15" value="Y"></Field>
            <Field name="bmb05" value="2050/12/30"></Field>
            <Field name="bmb06" value="1"></Field>
            <Field name="bmb07" value="1"></Field>
            <Field name="bmb08" value="0"></Field>
            <Field name="bmb19" value="1"></Field>
            <Field name="bmb14" value="0"></Field>
            <Field name="bmb37" value="4B7DEA27DAD3400EAF218DC992D59488"></Field>
          </Record>
          <Record>
            <Field name="bmb02" value="0080"></Field>
            <Field name="bmb03" value="8012-0113"></Field>
            <Field name="bmb04" value="2017/11/17"></Field>
            <Field name="bmb15" value="Y"></Field>
            <Field name="bmb05" value="2050/12/30"></Field>
            <Field name="bmb06" value="2"></Field>
            <Field name="bmb07" value="1"></Field>
            <Field name="bmb08" value="0"></Field>
            <Field name="bmb19" value="1"></Field>
            <Field name="bmb14" value="0"></Field>
            <Field name="bmb37" value="89B49EAC24FD4556AE1D560FD3D7C926"></Field>
          </Record>
          <Record>
            <Field name="bmb02" value="0090"></Field>
            <Field name="bmb03" value="8012-0114"></Field>
            <Field name="bmb04" value="2017/11/17"></Field>
            <Field name="bmb15" value="Y"></Field>
            <Field name="bmb05" value="2050/12/30"></Field>
            <Field name="bmb06" value="2"></Field>
            <Field name="bmb07" value="1"></Field>
            <Field name="bmb08" value="0"></Field>
            <Field name="bmb19" value="1"></Field>
            <Field name="bmb14" value="0"></Field>
            <Field name="bmb37" value="AC38E36EFF614B118198CB0B59418A9C"></Field>
          </Record>
          <Record>
            <Field name="bmb02" value="0100"></Field>
            <Field name="bmb03" value="8012-0115"></Field>
            <Field name="bmb04" value="2017/11/17"></Field>
            <Field name="bmb15" value="Y"></Field>
            <Field name="bmb05" value="2050/12/30"></Field>
            <Field name="bmb06" value="2"></Field>
            <Field name="bmb07" value="1"></Field>
            <Field name="bmb08" value="0"></Field>
            <Field name="bmb19" value="1"></Field>
            <Field name="bmb14" value="0"></Field>
            <Field name="bmb37" value="CB9E36C8963E4D7F9C2943A626C4523F"></Field>
          </Record>
        </Detail>
        <Detail name="bmt_file"></Detail>
      </RecordSet>
    </Document>
    <ParameterGroup>
      <Record>
        <Field name="seqkey" value="4763662379430346"></Field>
        <Field name="seq_tot_cnt" value="2"></Field>
        <Field name="seq_sub_cnt" value="2"></Field>
      </Record>
    </ParameterGroup>
  </RequestContent>
</Request>

